epoch,time,train/box_loss,train/seg_loss,train/cls_loss,train/dfl_loss,train/sem_loss,metrics/precision(B),metrics/recall(B),metrics/mAP50(B),metrics/mAP50-95(B),metrics/precision(M),metrics/recall(M),metrics/mAP50(M),metrics/mAP50-95(M),val/box_loss,val/seg_loss,val/cls_loss,val/dfl_loss,val/sem_loss,lr/pg0,lr/pg1,lr/pg2,lr/pg3,lr/pg4,lr/pg5,lr/pg6,lr/pg7
1,743.424,1.03075,1.64458,2.20204,0.97492,0,0.8617,0.82868,0.87897,0.6335,0.84186,0.80847,0.85789,0.59045,0.87175,1.30424,1.42545,0.90132,0,0.00993902,0.00331301,0.00993902,0.00331301,0.00993902,0.00331301,0.00993902,0.00331301
2,1347.28,0.96783,1.3841,1.1266,0.94388,0,0.88284,0.83994,0.89972,0.63591,0.87271,0.83066,0.8842,0.60867,0.87525,1.33407,1.18126,0.90842,0,0.0198601,0.00662002,0.0198601,0.00662002,0.0198601,0.00662002,0.0198601,0.00662002
3,1899.38,1.00861,1.38156,1.03661,0.96538,0,0.83186,0.87948,0.86974,0.61917,0.84009,0.84929,0.86106,0.5802,0.89646,1.35212,1.21005,0.93662,0,0.0297019,0.00990064,0.0297019,0.00990064,0.0297019,0.00990064,0.0297019,0.00990064
4,2500.85,1.00304,1.38418,0.96781,0.97389,0,0.87329,0.84616,0.89819,0.63256,0.83709,0.83005,0.86909,0.57118,0.91826,1.3185,1.06614,0.93728,0,0.0296436,0.0098812,0.0296436,0.0098812,0.0296436,0.0098812,0.0296436,0.0098812
5,3149.88,0.98535,1.36162,0.87859,0.96699,0,0.89324,0.86876,0.90787,0.62336,0.89026,0.86463,0.90246,0.58944,0.9233,1.29498,0.91972,0.95786,0,0.0295248,0.0098416,0.0295248,0.0098416,0.0295248,0.0098416,0.0295248,0.0098416
6,3734.06,0.96862,1.30586,0.81015,0.95863,0,0.9375,0.88452,0.9303,0.67984,0.91734,0.86251,0.89828,0.61085,0.86421,1.23412,0.82625,0.92483,0,0.029406,0.009802,0.029406,0.009802,0.029406,0.009802,0.029406,0.009802
7,4290.18,0.9331,1.25019,0.75329,0.95438,0,0.9122,0.92577,0.95108,0.69547,0.90856,0.92207,0.94546,0.67955,0.8301,1.17031,0.74132,0.91094,0,0.0292872,0.0097624,0.0292872,0.0097624,0.0292872,0.0097624,0.0292872,0.0097624
8,4866.92,0.91061,1.20808,0.70073,0.94281,0,0.93612,0.91202,0.94994,0.70641,0.91814,0.90063,0.932,0.64,0.81929,1.19011,0.68227,0.90859,0,0.0291684,0.0097228,0.0291684,0.0097228,0.0291684,0.0097228,0.0291684,0.0097228
9,5446.74,0.8843,1.18729,0.67508,0.93686,0,0.93897,0.91626,0.94275,0.68849,0.9366,0.91417,0.93861,0.66031,0.85772,1.20609,0.67501,0.92535,0,0.0290496,0.0096832,0.0290496,0.0096832,0.0290496,0.0096832,0.0290496,0.0096832
10,6014.13,0.87714,1.18151,0.65016,0.93606,0,0.91762,0.91376,0.93936,0.70087,0.9291,0.89746,0.93609,0.65201,0.76245,1.18817,0.65987,0.90716,0,0.0289308,0.0096436,0.0289308,0.0096436,0.0289308,0.0096436,0.0289308,0.0096436
11,6589.84,0.86066,1.14428,0.63336,0.93119,0,0.96175,0.92808,0.96689,0.73822,0.95896,0.92119,0.96072,0.67686,0.76309,1.06807,0.60421,0.89703,0,0.028812,0.009604,0.028812,0.009604,0.028812,0.009604,0.028812,0.009604
12,7168,0.84941,1.14782,0.61368,0.92641,0,0.94694,0.90899,0.9497,0.73147,0.94577,0.90105,0.9446,0.70099,0.75923,1.10691,0.59518,0.89428,0,0.0286932,0.0095644,0.0286932,0.0095644,0.0286932,0.0095644,0.0286932,0.0095644
13,7756.49,0.84115,1.12203,0.5985,0.92221,0,0.94527,0.90521,0.95391,0.73104,0.94488,0.90261,0.94799,0.68839,0.76652,1.11411,0.5888,0.90041,0,0.0285744,0.0095248,0.0285744,0.0095248,0.0285744,0.0095248,0.0285744,0.0095248
14,8349.09,0.83272,1.12466,0.58054,0.92289,0,0.94982,0.92703,0.9635,0.73664,0.95023,0.91505,0.94447,0.69543,0.72578,1.08995,0.55256,0.89067,0,0.0284556,0.0094852,0.0284556,0.0094852,0.0284556,0.0094852,0.0284556,0.0094852
15,8938.93,0.81564,1.09122,0.56389,0.91095,0,0.94155,0.94986,0.95899,0.74046,0.93178,0.9388,0.95539,0.71941,0.7151,1.10826,0.54948,0.89086,0,0.0283368,0.0094456,0.0283368,0.0094456,0.0283368,0.0094456,0.0283368,0.0094456
16,9517.44,0.80208,1.07028,0.55526,0.9109,0,0.95587,0.93865,0.95744,0.7404,0.94266,0.92368,0.94753,0.71742,0.72825,1.11844,0.55478,0.88623,0,0.028218,0.009406,0.028218,0.009406,0.028218,0.009406,0.028218,0.009406
17,10106.2,0.79608,1.06852,0.55231,0.90666,0,0.95803,0.93099,0.96079,0.75195,0.95111,0.92431,0.95579,0.71453,0.69222,1.15416,0.54315,0.87768,0,0.0280992,0.0093664,0.0280992,0.0093664,0.0280992,0.0093664,0.0280992,0.0093664
18,10673.3,0.79348,1.06159,0.5387,0.90371,0,0.95425,0.94405,0.96595,0.75623,0.95039,0.91718,0.95186,0.72801,0.70936,1.12917,0.52966,0.88971,0,0.0279804,0.0093268,0.0279804,0.0093268,0.0279804,0.0093268,0.0279804,0.0093268
19,11231.3,0.78533,1.054,0.53642,0.89905,0,0.94697,0.92329,0.96049,0.75203,0.94304,0.91946,0.94793,0.72598,0.71022,1.09341,0.51888,0.87204,0,0.0278616,0.0092872,0.0278616,0.0092872,0.0278616,0.0092872,0.0278616,0.0092872
20,11792.9,0.77871,1.04459,0.52678,0.90243,0,0.95617,0.94774,0.96675,0.77138,0.94751,0.93935,0.95197,0.68555,0.69625,1.05565,0.50137,0.88129,0,0.0277428,0.0092476,0.0277428,0.0092476,0.0277428,0.0092476,0.0277428,0.0092476
21,12366.7,0.77442,1.03644,0.52025,0.8996,0,0.95865,0.9388,0.96342,0.76462,0.95319,0.92901,0.95339,0.74597,0.69846,1.09931,0.50128,0.87506,0,0.027624,0.009208,0.027624,0.009208,0.027624,0.009208,0.027624,0.009208
22,12890.6,0.76565,1.03917,0.51665,0.89661,0,0.95511,0.94538,0.97021,0.7651,0.94043,0.94531,0.96331,0.74771,0.68098,1.05502,0.48689,0.87205,0,0.0275052,0.0091684,0.0275052,0.0091684,0.0275052,0.0091684,0.0275052,0.0091684
23,13415.6,0.76537,1.02734,0.51335,0.89678,0,0.96562,0.9416,0.96658,0.77973,0.95152,0.93484,0.96355,0.74942,0.67565,1.10848,0.48366,0.87019,0,0.0273864,0.0091288,0.0273864,0.0091288,0.0273864,0.0091288,0.0273864,0.0091288
24,13939.6,0.7558,1.01673,0.49871,0.89359,0,0.9747,0.93973,0.96559,0.77216,0.96575,0.93117,0.95527,0.73947,0.67985,1.17145,0.47794,0.8857,0,0.0272676,0.0090892,0.0272676,0.0090892,0.0272676,0.0090892,0.0272676,0.0090892
25,14463.2,0.75127,1.00533,0.49631,0.89283,0,0.96867,0.93656,0.96355,0.77947,0.96294,0.93098,0.95941,0.73806,0.67186,1.13296,0.49491,0.86901,0,0.0271488,0.0090496,0.0271488,0.0090496,0.0271488,0.0090496,0.0271488,0.0090496
26,14982.7,0.75348,1.01001,0.50122,0.89397,0,0.95098,0.94988,0.95799,0.75544,0.95114,0.95034,0.95832,0.73694,0.70265,1.05284,0.48264,0.87679,0,0.02703,0.00901,0.02703,0.00901,0.02703,0.00901,0.02703,0.00901
27,15511.2,0.74212,0.97842,0.49493,0.89025,0,0.95927,0.944,0.96268,0.77503,0.95534,0.94016,0.95804,0.75267,0.64943,1.01987,0.49798,0.8682,0,0.0269112,0.0089704,0.0269112,0.0089704,0.0269112,0.0089704,0.0269112,0.0089704
28,16074.9,0.7396,0.98559,0.49151,0.88851,0,0.97401,0.93671,0.96463,0.76931,0.96538,0.92867,0.95339,0.7311,0.68009,1.17606,0.48983,0.87044,0,0.0267924,0.0089308,0.0267924,0.0089308,0.0267924,0.0089308,0.0267924,0.0089308
29,16654.2,0.73493,0.98332,0.48476,0.88815,0,0.96135,0.94196,0.96948,0.77785,0.95327,0.93434,0.96461,0.72959,0.6608,1.12393,0.48289,0.87068,0,0.0266736,0.0088912,0.0266736,0.0088912,0.0266736,0.0088912,0.0266736,0.0088912
30,17221.1,0.7404,0.99612,0.48438,0.88811,0,0.96606,0.95994,0.97176,0.76939,0.96701,0.96127,0.97042,0.75869,0.68057,1.06679,0.47177,0.87323,0,0.0265548,0.0088516,0.0265548,0.0088516,0.0265548,0.0088516,0.0265548,0.0088516
31,17799.4,0.72638,0.97046,0.47733,0.8858,0,0.96444,0.94389,0.97482,0.77327,0.95076,0.93071,0.9647,0.76791,0.68139,1.07519,0.45693,0.87005,0,0.026436,0.008812,0.026436,0.008812,0.026436,0.008812,0.026436,0.008812
32,18372.3,0.72386,0.96263,0.47497,0.88413,0,0.95017,0.93835,0.96527,0.77253,0.94867,0.93717,0.96094,0.75567,0.6758,1.13721,0.46232,0.87606,0,0.0263172,0.0087724,0.0263172,0.0087724,0.0263172,0.0087724,0.0263172,0.0087724
33,18942.5,0.71074,0.95081,0.46822,0.88447,0,0.95512,0.95964,0.96535,0.77504,0.94756,0.9521,0.95262,0.67728,0.65473,0.98924,0.50115,0.86873,0,0.0261984,0.0087328,0.0261984,0.0087328,0.0261984,0.0087328,0.0261984,0.0087328
34,19527.2,0.71598,0.96899,0.467,0.88066,0,0.96286,0.95168,0.96989,0.77545,0.95982,0.9487,0.96682,0.76485,0.66152,1.00302,0.46135,0.87569,0,0.0260796,0.0086932,0.0260796,0.0086932,0.0260796,0.0086932,0.0260796,0.0086932
35,20093.7,0.71013,0.96228,0.46292,0.87853,0,0.97829,0.93651,0.96803,0.78639,0.97241,0.93101,0.9645,0.75768,0.65192,1.07691,0.45685,0.86704,0,0.0259608,0.0086536,0.0259608,0.0086536,0.0259608,0.0086536,0.0259608,0.0086536
36,20654.5,0.70921,0.94625,0.46011,0.87675,0,0.95694,0.93306,0.95874,0.77109,0.94143,0.91986,0.94619,0.74433,0.66504,1.08811,0.48027,0.87177,0,0.025842,0.008614,0.025842,0.008614,0.025842,0.008614,0.025842,0.008614
37,21243.7,0.7081,0.9443,0.45976,0.87854,0,0.96048,0.93879,0.96573,0.77102,0.95275,0.92125,0.95388,0.75767,0.6705,1.08089,0.45289,0.8727,0,0.0257232,0.0085744,0.0257232,0.0085744,0.0257232,0.0085744,0.0257232,0.0085744
38,21822.3,0.69827,0.92704,0.45434,0.87871,0,0.97223,0.94401,0.96796,0.77397,0.96112,0.93205,0.95696,0.75059,0.6518,1.00729,0.45444,0.86578,0,0.0256044,0.0085348,0.0256044,0.0085348,0.0256044,0.0085348,0.0256044,0.0085348
39,22418.8,0.69811,0.95901,0.45432,0.87692,0,0.9672,0.94559,0.96973,0.79414,0.96718,0.93633,0.96687,0.75468,0.63102,1.06378,0.43333,0.86268,0,0.0254856,0.0084952,0.0254856,0.0084952,0.0254856,0.0084952,0.0254856,0.0084952
40,23001.6,0.70038,0.91749,0.45221,0.87882,0,0.96983,0.9393,0.96797,0.79092,0.96484,0.93458,0.96285,0.75975,0.62793,1.00393,0.4492,0.86186,0,0.0253668,0.0084556,0.0253668,0.0084556,0.0253668,0.0084556,0.0253668,0.0084556
41,23571.9,0.68907,0.92301,0.44779,0.87384,0,0.97342,0.94827,0.97118,0.77983,0.95983,0.93513,0.9627,0.76548,0.66573,1.06095,0.44263,0.86633,0,0.025248,0.008416,0.025248,0.008416,0.025248,0.008416,0.025248,0.008416
42,24138.6,0.692,0.93034,0.44849,0.87418,0,0.97298,0.94526,0.96742,0.7771,0.96112,0.93373,0.95159,0.75066,0.6587,1.08461,0.44597,0.86745,0,0.0251292,0.0083764,0.0251292,0.0083764,0.0251292,0.0083764,0.0251292,0.0083764
43,24702.5,0.68984,0.94181,0.44589,0.87481,0,0.97141,0.95605,0.97493,0.80087,0.97015,0.95481,0.97237,0.77163,0.6293,1.0196,0.43257,0.86244,0,0.0250104,0.0083368,0.0250104,0.0083368,0.0250104,0.0083368,0.0250104,0.0083368
44,25269.1,0.68248,0.91202,0.43893,0.87035,0,0.96055,0.95152,0.96859,0.79369,0.97709,0.92137,0.96228,0.75758,0.62075,1.06762,0.42588,0.86511,0,0.0248916,0.0082972,0.0248916,0.0082972,0.0248916,0.0082972,0.0248916,0.0082972
45,25840.2,0.68358,0.91899,0.43865,0.87211,0,0.97294,0.95403,0.96795,0.78444,0.96813,0.94896,0.96526,0.7537,0.65161,1.0514,0.4342,0.86755,0,0.0247728,0.0082576,0.0247728,0.0082576,0.0247728,0.0082576,0.0247728,0.0082576
46,26426.9,0.67701,0.91342,0.433,0.86849,0,0.96526,0.95322,0.96976,0.78307,0.96178,0.9501,0.96438,0.76068,0.63079,1.07494,0.42308,0.86173,0,0.024654,0.008218,0.024654,0.008218,0.024654,0.008218,0.024654,0.008218
47,27016.3,0.68185,0.91519,0.43365,0.87349,0,0.9699,0.94257,0.97062,0.79021,0.95654,0.93022,0.96003,0.76524,0.62674,1.02812,0.4295,0.86233,0,0.0245352,0.0081784,0.0245352,0.0081784,0.0245352,0.0081784,0.0245352,0.0081784
48,27599,0.67716,0.91316,0.43271,0.86824,0,0.96923,0.94194,0.96998,0.7921,0.95565,0.92866,0.956,0.77254,0.6291,0.99881,0.44212,0.86114,0,0.0244164,0.0081388,0.0244164,0.0081388,0.0244164,0.0081388,0.0244164,0.0081388
49,28187,0.66807,0.88831,0.429,0.86837,0,0.96373,0.95427,0.96841,0.79673,0.97053,0.93198,0.96713,0.76762,0.63068,1.03105,0.42132,0.86647,0,0.0242976,0.0080992,0.0242976,0.0080992,0.0242976,0.0080992,0.0242976,0.0080992
50,28754.1,0.6691,0.89809,0.42683,0.86979,0,0.96264,0.94611,0.96458,0.78948,0.95054,0.93421,0.95676,0.76089,0.63955,1.03677,0.43026,0.86296,0,0.0241788,0.0080596,0.0241788,0.0080596,0.0241788,0.0080596,0.0241788,0.0080596
51,29278.8,0.67203,0.89377,0.42558,0.87,0,0.97013,0.95026,0.97656,0.79599,0.9658,0.94605,0.97238,0.76555,0.62454,1.01637,0.42786,0.87217,0,0.02406,0.00802,0.02406,0.00802,0.02406,0.00802,0.02406,0.00802
52,29799.2,0.66838,0.90409,0.42615,0.86808,0,0.96158,0.95729,0.96973,0.79426,0.96227,0.94592,0.95902,0.76761,0.62249,0.98915,0.42954,0.85964,0,0.0239412,0.0079804,0.0239412,0.0079804,0.0239412,0.0079804,0.0239412,0.0079804
53,30316.7,0.66024,0.8957,0.42208,0.86273,0,0.96126,0.94857,0.96626,0.79185,0.96248,0.94889,0.96896,0.77303,0.63916,1.02919,0.42308,0.86384,0,0.0238224,0.0079408,0.0238224,0.0079408,0.0238224,0.0079408,0.0238224,0.0079408
54,30839.4,0.66067,0.87967,0.42129,0.86604,0,0.97524,0.94383,0.96739,0.79571,0.97089,0.95225,0.96707,0.77712,0.61353,0.97675,0.41544,0.86312,0,0.0237036,0.0079012,0.0237036,0.0079012,0.0237036,0.0079012,0.0237036,0.0079012
55,31374.1,0.66339,0.89156,0.42117,0.86451,0,0.96166,0.95745,0.97023,0.80793,0.95078,0.94678,0.96701,0.76814,0.61177,1.00662,0.40784,0.86185,0,0.0235848,0.0078616,0.0235848,0.0078616,0.0235848,0.0078616,0.0235848,0.0078616
56,31898.1,0.65599,0.8851,0.41957,0.86347,0,0.98051,0.95623,0.97268,0.79593,0.97736,0.95327,0.97026,0.77248,0.64279,1.03682,0.41998,0.87,0,0.023466,0.007822,0.023466,0.007822,0.023466,0.007822,0.023466,0.007822
57,32422.7,0.65861,0.89072,0.41918,0.86406,0,0.96764,0.94651,0.97405,0.80076,0.96764,0.94651,0.97444,0.77722,0.60703,0.99179,0.39168,0.857,0,0.0233472,0.0077824,0.0233472,0.0077824,0.0233472,0.0077824,0.0233472,0.0077824
58,33005.9,0.65366,0.88032,0.41723,0.86435,0,0.97073,0.95413,0.97077,0.79859,0.96611,0.95057,0.96526,0.76365,0.62021,0.98569,0.41295,0.86176,0,0.0232284,0.0077428,0.0232284,0.0077428,0.0232284,0.0077428,0.0232284,0.0077428
59,33572.2,0.65433,0.88607,0.41448,0.86496,0,0.9675,0.94352,0.96735,0.79328,0.96358,0.93968,0.95632,0.772,0.62066,1.03035,0.41521,0.86003,0,0.0231096,0.0077032,0.0231096,0.0077032,0.0231096,0.0077032,0.0231096,0.0077032
60,34138,0.64175,0.87099,0.40847,0.86061,0,0.97853,0.94863,0.97447,0.8063,0.97494,0.94381,0.96647,0.77353,0.61509,1.03215,0.40539,0.85954,0,0.0229908,0.0076636,0.0229908,0.0076636,0.0229908,0.0076636,0.0229908,0.0076636
61,34711,0.6429,0.87636,0.4099,0.86128,0,0.97644,0.94117,0.97095,0.79983,0.97516,0.93994,0.96553,0.77329,0.61565,1.03108,0.4151,0.85949,0,0.022872,0.007624,0.022872,0.007624,0.022872,0.007624,0.022872,0.007624
62,35297.3,0.6392,0.85871,0.40749,0.8601,0,0.9728,0.94996,0.96324,0.79549,0.9685,0.94575,0.96133,0.76341,0.62409,1.07495,0.43837,0.86522,0,0.0227532,0.0075844,0.0227532,0.0075844,0.0227532,0.0075844,0.0227532,0.0075844
63,35874,0.6381,0.86051,0.40579,0.85701,0,0.97446,0.95433,0.97034,0.79505,0.97138,0.95136,0.96905,0.76422,0.62635,0.99135,0.41194,0.85923,0,0.0226344,0.0075448,0.0226344,0.0075448,0.0226344,0.0075448,0.0226344,0.0075448
64,36453.1,0.63202,0.85247,0.40184,0.85884,0,0.97266,0.95671,0.97495,0.80018,0.96572,0.94993,0.96798,0.75361,0.63226,1.01894,0.41336,0.86596,0,0.0225156,0.0075052,0.0225156,0.0075052,0.0225156,0.0075052,0.0225156,0.0075052
65,37034.9,0.63968,0.86057,0.4064,0.8604,0,0.96759,0.95868,0.97273,0.80273,0.96208,0.95267,0.96961,0.76482,0.61374,0.95914,0.41377,0.85636,0,0.0223968,0.0074656,0.0223968,0.0074656,0.0223968,0.0074656,0.0223968,0.0074656
66,37606.6,0.62882,0.86084,0.39839,0.85538,0,0.97452,0.94191,0.9648,0.79864,0.97452,0.94191,0.96316,0.76739,0.61417,1.0359,0.41979,0.85729,0,0.022278,0.007426,0.022278,0.007426,0.022278,0.007426,0.022278,0.007426
67,38174.6,0.63642,0.853,0.40214,0.85799,0,0.98388,0.94156,0.96878,0.81019,0.9826,0.94033,0.96589,0.76557,0.6,1.0636,0.42309,0.85802,0,0.0221592,0.0073864,0.0221592,0.0073864,0.0221592,0.0073864,0.0221592,0.0073864
68,38735.3,0.62597,0.85146,0.39513,0.85427,0,0.98658,0.9408,0.96798,0.79941,0.97437,0.92928,0.95569,0.76642,0.6135,1.04673,0.41261,0.86114,0,0.0220404,0.0073468,0.0220404,0.0073468,0.0220404,0.0073468,0.0220404,0.0073468
69,39335,0.62346,0.85245,0.39717,0.85236,0,0.98515,0.94922,0.97358,0.80679,0.97763,0.94204,0.96728,0.76948,0.61224,1.0268,0.40588,0.85982,0,0.0219216,0.0073072,0.0219216,0.0073072,0.0219216,0.0073072,0.0219216,0.0073072
70,40041,0.62735,0.85754,0.39851,0.85492,0,0.97898,0.94338,0.96946,0.80433,0.95779,0.92057,0.94417,0.68232,0.5956,1.03433,0.40702,0.85931,0,0.0218028,0.0072676,0.0218028,0.0072676,0.0218028,0.0072676,0.0218028,0.0072676
